time,omega,detuning
0.000000000000000000e+00,0.000000000000000000e+00,5.000000000000000000e+01
5.555555555555555802e-01,4.069570612309232616e-02,5.000000000000000000e+01
1.111111111111111160e+00,2.064004012029296842e-01,5.000000000000000000e+01
1.666666666666666741e+00,5.040000000000001146e-01,5.000000000000000000e+01
2.222222222222222321e+00,7.609038926739778441e-01,5.000000000000000000e+01
2.777777777777777679e+00,7.609038926739780662e-01,5.000000000000000000e+01
3.333333333333333481e+00,5.039999999999997815e-01,5.000000000000000000e+01
3.888888888888889284e+00,2.064004012029298230e-01,5.000000000000000000e+01
4.444444444444444642e+00,4.069570612309236779e-02,5.000000000000000000e+01
5.000000000000000000e+00,0.000000000000000000e+00,5.000000000000000000e+01
